node,day.time,datasubset,datatype,lnlike,destpower.pe,destpower.lb,destpower.ub,destpower.iv,kernpower.pe,kernpower.lb,kernpower.ub,kernpower.iv,offset.pe,offset.lb,offset.ub,offset.iv
DESKTOP-MTPK7QB,01/08/2024 00:34,ALL,ACTUAL,-20346.78713,NA,NA,NA,NA,NA,NA,NA,NA,NA,NA,NA,NA
DESKTOP-MTPK7QB,01/08/2024 00:35,RURAL,ACTUAL,-14373.37247,NA,NA,NA,NA,NA,NA,NA,NA,NA,NA,NA,NA
DESKTOP-MTPK7QB,01/08/2024 00:36,CHILDREN,ACTUAL,-1946.401433,NA,NA,NA,NA,NA,NA,NA,NA,NA,NA,NA,NA
DESKTOP-MTPK7QB,01/08/2024 00:37,ADULTS,ACTUAL,-18584.96802,NA,NA,NA,NA,NA,NA,NA,NA,NA,NA,NA,NA
DESKTOP-MTPK7QB,01/08/2024 00:38,URBAN,ACTUAL,-5973.414661,NA,NA,NA,NA,NA,NA,NA,NA,NA,NA,NA,NA
DESKTOP-MTPK7QB,01/08/2024 02:49,ALL,ACTUAL,-13040.40654,NA,NA,NA,NA,NA,NA,NA,NA,3177.85168,3155.627241,3252.431567,19792.34559
DESKTOP-MTPK7QB,01/08/2024 02:49,ALL,ACTUAL,-13040.40654,NA,NA,NA,NA,NA,NA,NA,NA,3177.85168,3155.627241,3252.431567,12139.60617
DESKTOP-MTPK7QB,01/08/2024 02:49,ALL,ACTUAL,-13040.40654,NA,NA,NA,NA,NA,NA,NA,NA,3177.85168,3155.627241,3252.431567,5287.536512
DESKTOP-MTPK7QB,01/08/2024 02:49,ALL,ACTUAL,-13040.40654,NA,NA,NA,NA,NA,NA,NA,NA,3177.85168,3155.627241,3252.431567,8114.586831
DESKTOP-MTPK7QB,01/08/2024 02:49,ALL,ACTUAL,-13040.40654,NA,NA,NA,NA,NA,NA,NA,NA,3177.85168,3155.627241,3252.431567,18031.4077
DESKTOP-MTPK7QB,01/08/2024 02:49,ALL,ACTUAL,-13040.40654,NA,NA,NA,NA,NA,NA,NA,NA,3177.85168,3155.627241,3252.431567,6375.948374
DESKTOP-MTPK7QB,01/08/2024 02:49,ALL,ACTUAL,-13040.40654,NA,NA,NA,NA,NA,NA,NA,NA,3177.85168,3155.627241,3252.431567,8169.28583
DESKTOP-MTPK7QB,01/08/2024 02:49,ALL,ACTUAL,-13040.40654,NA,NA,NA,NA,NA,NA,NA,NA,3177.85168,3155.627241,3252.431567,18169.93732
DESKTOP-MTPK7QB,01/08/2024 02:49,ALL,ACTUAL,-13040.40654,NA,NA,NA,NA,NA,NA,NA,NA,3177.85168,3155.627241,3252.431567,3468.220818
DESKTOP-MTPK7QB,01/08/2024 02:49,ALL,ACTUAL,-13040.40654,NA,NA,NA,NA,NA,NA,NA,NA,3177.85168,3155.627241,3252.431567,7630.195368
DESKTOP-MTPK7QB,01/08/2024 02:49,ALL,ACTUAL,-13040.40654,NA,NA,NA,NA,NA,NA,NA,NA,3177.85168,3155.627241,3252.431567,8335.434671
DESKTOP-MTPK7QB,01/08/2024 02:49,ALL,ACTUAL,-13040.40654,NA,NA,NA,NA,NA,NA,NA,NA,3177.85168,3155.627241,3252.431567,12322.87939
DESKTOP-MTPK7QB,01/08/2024 02:49,ALL,ACTUAL,-13040.40654,NA,NA,NA,NA,NA,NA,NA,NA,3177.85168,3155.627241,3252.431567,15488.82084
DESKTOP-MTPK7QB,01/08/2024 02:49,ALL,ACTUAL,-13040.40654,NA,NA,NA,NA,NA,NA,NA,NA,3177.85168,3155.627241,3252.431567,6904.885391
DESKTOP-MTPK7QB,01/08/2024 02:49,ALL,ACTUAL,-13040.40654,NA,NA,NA,NA,NA,NA,NA,NA,3177.85168,3155.627241,3252.431567,13327.93707
DESKTOP-MTPK7QB,01/08/2024 02:49,ALL,ACTUAL,-13040.40654,NA,NA,NA,NA,NA,NA,NA,NA,3177.85168,3155.627241,3252.431567,19445.33896
DESKTOP-MTPK7QB,01/08/2024 02:49,ALL,ACTUAL,-13040.40654,NA,NA,NA,NA,NA,NA,NA,NA,3177.85168,3155.627241,3252.431567,5829.601
DESKTOP-MTPK7QB,01/08/2024 02:49,ALL,ACTUAL,-13040.40654,NA,NA,NA,NA,NA,NA,NA,NA,3177.85168,3155.627241,3252.431567,8184.685788
DESKTOP-MTPK7QB,01/08/2024 02:49,ALL,ACTUAL,-13040.40654,NA,NA,NA,NA,NA,NA,NA,NA,3177.85168,3155.627241,3252.431567,1737.945453
DESKTOP-MTPK7QB,01/08/2024 02:49,ALL,ACTUAL,-13040.40654,NA,NA,NA,NA,NA,NA,NA,NA,3177.85168,3155.627241,3252.431567,8742.68634
DESKTOP-MTPK7QB,01/08/2024 03:07,URBAN,ACTUAL,-3731.998703,NA,NA,NA,NA,NA,NA,NA,NA,1981.772458,1940.251207,2033.439453,19792.34559
DESKTOP-MTPK7QB,01/08/2024 03:07,URBAN,ACTUAL,-3731.998703,NA,NA,NA,NA,NA,NA,NA,NA,1981.772458,1940.251207,2033.439453,12139.60617
DESKTOP-MTPK7QB,01/08/2024 03:07,URBAN,ACTUAL,-3731.998703,NA,NA,NA,NA,NA,NA,NA,NA,1981.772458,1940.251207,2033.439453,5287.536512
DESKTOP-MTPK7QB,01/08/2024 03:07,URBAN,ACTUAL,-3731.998703,NA,NA,NA,NA,NA,NA,NA,NA,1981.772458,1940.251207,2033.439453,8114.586831
DESKTOP-MTPK7QB,01/08/2024 03:07,URBAN,ACTUAL,-3731.998703,NA,NA,NA,NA,NA,NA,NA,NA,1981.772458,1940.251207,2033.439453,18031.4077
DESKTOP-MTPK7QB,01/08/2024 03:07,URBAN,ACTUAL,-3731.998703,NA,NA,NA,NA,NA,NA,NA,NA,1981.772458,1940.251207,2033.439453,6375.948374
DESKTOP-MTPK7QB,01/08/2024 03:07,URBAN,ACTUAL,-3731.998703,NA,NA,NA,NA,NA,NA,NA,NA,1981.772458,1940.251207,2033.439453,8169.28583
DESKTOP-MTPK7QB,01/08/2024 03:07,URBAN,ACTUAL,-3731.998703,NA,NA,NA,NA,NA,NA,NA,NA,1981.772458,1940.251207,2033.439453,18169.93732
DESKTOP-MTPK7QB,01/08/2024 03:07,URBAN,ACTUAL,-3731.998703,NA,NA,NA,NA,NA,NA,NA,NA,1981.772458,1940.251207,2033.439453,3468.220818
DESKTOP-MTPK7QB,01/08/2024 03:07,URBAN,ACTUAL,-3731.998703,NA,NA,NA,NA,NA,NA,NA,NA,1981.772458,1940.251207,2033.439453,7630.195368
DESKTOP-MTPK7QB,01/08/2024 03:07,URBAN,ACTUAL,-3731.998703,NA,NA,NA,NA,NA,NA,NA,NA,1981.772458,1940.251207,2033.439453,8335.434671
DESKTOP-MTPK7QB,01/08/2024 03:07,URBAN,ACTUAL,-3731.998703,NA,NA,NA,NA,NA,NA,NA,NA,1981.772458,1940.251207,2033.439453,12322.87939
DESKTOP-MTPK7QB,01/08/2024 03:07,URBAN,ACTUAL,-3731.998703,NA,NA,NA,NA,NA,NA,NA,NA,1981.772458,1940.251207,2033.439453,15488.82084
DESKTOP-MTPK7QB,01/08/2024 03:07,URBAN,ACTUAL,-3731.998703,NA,NA,NA,NA,NA,NA,NA,NA,1981.772458,1940.251207,2033.439453,6904.885391
DESKTOP-MTPK7QB,01/08/2024 03:07,URBAN,ACTUAL,-3731.998703,NA,NA,NA,NA,NA,NA,NA,NA,1981.772458,1940.251207,2033.439453,13327.93707
DESKTOP-MTPK7QB,01/08/2024 03:07,URBAN,ACTUAL,-3731.998703,NA,NA,NA,NA,NA,NA,NA,NA,1981.772458,1940.251207,2033.439453,19445.33896
DESKTOP-MTPK7QB,01/08/2024 03:07,URBAN,ACTUAL,-3731.998703,NA,NA,NA,NA,NA,NA,NA,NA,1981.772458,1940.251207,2033.439453,5829.601
DESKTOP-MTPK7QB,01/08/2024 03:07,URBAN,ACTUAL,-3731.998703,NA,NA,NA,NA,NA,NA,NA,NA,1981.772458,1940.251207,2033.439453,8184.685788
DESKTOP-MTPK7QB,01/08/2024 03:07,URBAN,ACTUAL,-3731.998703,NA,NA,NA,NA,NA,NA,NA,NA,1981.772458,1940.251207,2033.439453,1737.945453
DESKTOP-MTPK7QB,01/08/2024 03:07,URBAN,ACTUAL,-3731.998703,NA,NA,NA,NA,NA,NA,NA,NA,1981.772458,1940.251207,2033.439453,8742.68634
DESKTOP-MTPK7QB,01/08/2024 08:12,ALL,ACTUAL,-5747.711877,0.514159591,0.48571841,0.542531486,3.959505365,2.66172897,2.620608935,2.70359803,3.681067872,-1.680634541,-3,-0.244634863,-1.678299787
DESKTOP-MTPK7QB,01/08/2024 08:12,ALL,ACTUAL,-5743.029227,0.518017678,0.489540116,0.546429541,1.682228544,2.743098211,2.701918678,2.785019942,5.419236233,-0.23145679,-0.324956741,-0.166442275,-1.406183216
DESKTOP-MTPK7QB,01/08/2024 08:12,ALL,ACTUAL,-5747.713369,0.514160067,0.485718009,0.542531092,1.692895382,2.661717655,2.620597251,2.703589553,5.460104515,-2.133149771,-3,-0.244640883,-2.133151453
DESKTOP-MTPK7QB,01/08/2024 08:12,ALL,ACTUAL,-5743.029227,0.518018021,0.489540366,0.546429815,1.587767485,2.743101005,2.701919801,2.785021104,2.558781167,-0.23145438,-0.324950518,-0.166439312,0.08062388
DESKTOP-MTPK7QB,01/08/2024 08:12,ALL,ACTUAL,-5747.713467,0.514160024,0.485717999,0.542531085,3.120276078,2.66171705,2.620596474,2.703589048,2.136748028,-2.854347531,-3,-0.244648019,0.331900863
DESKTOP-MTPK7QB,01/08/2024 08:12,ALL,ACTUAL,-5747.713468,0.514160027,0.485718001,0.542531086,3.891835689,2.661717061,2.620596469,2.703589046,1.819523271,-2.981112568,-3,-0.244638572,-0.953976252
DESKTOP-MTPK7QB,01/08/2024 08:12,ALL,ACTUAL,-5747.713463,0.514159937,0.485717979,0.542531062,0.438721299,2.661716899,2.620596481,2.703589042,2.678926417,-2.615176981,-3,-0.24465128,-2.615177737
DESKTOP-MTPK7QB,01/08/2024 08:12,ALL,ACTUAL,-5743.029227,0.518013115,0.489539628,0.546429076,0.835128344,2.743084601,2.701901246,2.785001916,1.291370473,-0.231494678,-0.324986391,-0.166456254,0.073802881
DESKTOP-MTPK7QB,01/08/2024 08:12,ALL,ACTUAL,-5747.713467,0.514159959,0.485718235,0.542531348,3.861352585,2.661719035,2.620596453,2.703589031,4.438292914,-2.947063378,-3,-0.244646573,0.71547943
DESKTOP-MTPK7QB,01/08/2024 08:12,ALL,ACTUAL,-5747.713468,0.51416002,0.485717999,0.542531084,2.645007529,2.66171704,2.620596467,2.703589044,5.654728749,-2.999879442,-3,-0.24464066,0.497698847
DESKTOP-MTPK7QB,01/08/2024 08:12,ALL,ACTUAL,-5747.713467,0.514160878,0.485718186,0.542531293,1.240526749,2.661718622,2.620596703,2.70358928,2.279590683,-2.838042437,-3,-0.244651499,0.778877046
DESKTOP-MTPK7QB,01/08/2024 08:12,ALL,ACTUAL,-5747.713468,0.514162774,0.485718936,0.54253213,2.032628702,2.661724938,2.620597204,2.703589795,1.238141321,-2.942849273,-3,-0.244631713,-0.938624774
DESKTOP-MTPK7QB,01/08/2024 08:12,ALL,ACTUAL,-5747.713468,0.514162049,0.485721275,0.542534741,2.491357025,2.661744646,2.620597005,2.703589633,1.131053069,-2.977159303,-3,-0.244566748,-2.504584086
DESKTOP-MTPK7QB,01/08/2024 08:12,ALL,ACTUAL,-5747.713467,0.514160039,0.485718003,0.542531089,3.774193811,2.661717081,2.620596479,2.703589052,3.296284325,-2.837434301,-3,-0.244656518,1.124331155
DESKTOP-MTPK7QB,01/08/2024 08:12,ALL,ACTUAL,-5747.713216,0.514147019,0.485718894,0.542532081,2.735009968,2.661725966,2.620594974,2.703586884,4.96145642,-1.980988732,-3,-0.244616241,-1.980987305
DESKTOP-MTPK7QB,01/08/2024 08:12,ALL,ACTUAL,-5747.713467,0.514160027,0.485718036,0.542531126,0.707451864,2.661717361,2.620596478,2.703589051,0.684486898,-2.806933908,-3,-0.2446603,-0.35349122
DESKTOP-MTPK7QB,01/08/2024 08:12,ALL,ACTUAL,-5747.713468,0.514158569,0.485717792,0.542530853,3.615712438,2.6617153,2.62059608,2.703588652,5.924709808,-2.993641434,-3,-0.244644081,1.410330931
DESKTOP-MTPK7QB,01/08/2024 08:12,ALL,ACTUAL,-5743.029227,0.518017125,0.489540299,0.546429724,0.169300794,2.743102271,2.701922814,2.785024233,3.883715694,-0.23144683,-0.324947249,-0.166437803,0.327958806
DESKTOP-MTPK7QB,01/08/2024 08:12,ALL,ACTUAL,-5747.713468,0.514160008,0.485717996,0.54253108,3.838475394,2.661717015,2.620596464,2.703589041,5.641022374,-2.985958395,-3,-0.244639338,0.919159789
DESKTOP-MTPK7QB,01/08/2024 08:12,ALL,ACTUAL,-5747.713458,0.514160025,0.485718,0.542531085,2.30389563,2.661717104,2.620596544,2.703589089,3.931220585,-2.503822301,-3,-0.24464065,-2.50382235
DESKTOP-MTPK7QB,01/08/2024 13:15,URBAN,ACTUAL,-1264.931852,0.396386107,0.337937631,0.455317143,3.959505365,2.701822198,2.606483095,2.801033108,3.681067872,-1.678884062,-3,-0.468789692,-1.678299787
DESKTOP-MTPK7QB,01/08/2024 13:15,URBAN,ACTUAL,-1264.936241,0.396399175,0.337934365,0.455315419,1.682228544,2.701929864,2.606594635,2.801109267,5.419236233,-1.406427609,-3,-0.468353667,-1.406183216
DESKTOP-MTPK7QB,01/08/2024 13:15,URBAN,ACTUAL,-1264.930923,0.396386784,0.337938307,0.455317588,1.692895382,2.701802152,2.606456342,2.801016634,5.460104515,-2.133154559,-3,-0.468888286,-2.133151453
DESKTOP-MTPK7QB,01/08/2024 13:15,URBAN,ACTUAL,-1264.930866,0.396384454,0.337938373,0.455317484,1.587767485,2.70179639,2.606454364,2.801015457,2.558781167,-2.687407455,-3,-0.468890282,0.08062388
DESKTOP-MTPK7QB,01/08/2024 13:15,URBAN,ACTUAL,-1264.930865,0.396386839,0.337938351,0.455317609,3.120276078,2.701800666,2.606454334,2.801015558,2.136748028,-2.893134833,-3,-0.468886548,0.331900863
DESKTOP-MTPK7QB,01/08/2024 13:15,URBAN,ACTUAL,-1264.930864,0.396386702,0.337938347,0.455317631,3.891835689,2.701801417,2.606454322,2.801015546,1.819523271,-3,-3,-0.468882797,-0.953976252
DESKTOP-MTPK7QB,01/08/2024 13:15,URBAN,ACTUAL,-1264.930867,0.396386829,0.337938349,0.455317608,0.438721299,2.701800722,2.606454431,2.801015604,2.678926417,-2.615178021,-3,-0.468886538,-2.615177737
DESKTOP-MTPK7QB,01/08/2024 13:15,URBAN,ACTUAL,-1264.930867,0.396380199,0.337938302,0.455317854,0.835128344,2.701809307,2.606454345,2.801015246,1.291370473,-2.638568307,-3,-0.468877686,0.073802881
DESKTOP-MTPK7QB,01/08/2024 13:15,URBAN,ACTUAL,-1264.930865,0.396386826,0.337938351,0.455317608,3.861352585,2.701800642,2.606454327,2.801015554,4.438292914,-2.952075185,-3,-0.468880466,0.71547943
DESKTOP-MTPK7QB,01/08/2024 13:15,URBAN,ACTUAL,-1264.930864,0.396386226,0.337938344,0.455317644,2.645007529,2.701801894,2.606454317,2.801015521,5.654728749,-3,-3,-0.468882291,0.497698847
DESKTOP-MTPK7QB,01/08/2024 13:15,URBAN,ACTUAL,-1264.930865,0.396386829,0.337938351,0.455317608,1.240526749,2.701800658,2.606454342,2.801015561,2.279590683,-2.843697186,-3,-0.46888783,0.778877046
DESKTOP-MTPK7QB,01/08/2024 13:15,URBAN,ACTUAL,-1264.930865,0.396386829,0.337938351,0.455317609,2.032628702,2.701800656,2.60645433,2.801015556,1.238141321,-2.923829904,-3,-0.468886733,-0.938624774
DESKTOP-MTPK7QB,01/08/2024 13:15,URBAN,ACTUAL,-1264.930864,0.39638655,0.337938398,0.45531736,2.491357025,2.701791996,2.606454321,2.801015537,1.131053069,-2.991547154,-3,-0.468912265,-2.504584086
DESKTOP-MTPK7QB,01/08/2024 13:15,URBAN,ACTUAL,-1264.930864,0.396387299,0.337938352,0.455317604,3.774193811,2.701800495,2.606454328,2.801015577,3.296284325,-3,-3,-0.468883734,1.124331155
DESKTOP-MTPK7QB,01/08/2024 13:15,URBAN,ACTUAL,-1264.931015,0.396386382,0.337938252,0.455317481,2.735009968,2.701801979,2.60645925,2.80101829,4.96145642,-1.981012919,-3,-0.468870105,-1.980987305
DESKTOP-MTPK7QB,01/08/2024 13:15,URBAN,ACTUAL,-1264.930915,0.396373351,0.337937867,0.455319927,0.707451864,2.70188334,2.606455876,2.80101581,0.684486898,-2.159473521,-3,-0.468810819,-0.35349122
DESKTOP-MTPK7QB,01/08/2024 13:15,URBAN,ACTUAL,-1264.930864,0.396381094,0.337938352,0.4553176,3.615712438,2.701800367,2.606454262,2.801015248,5.924709808,-3,-3,-0.468883059,1.410330931
DESKTOP-MTPK7QB,01/08/2024 13:15,URBAN,ACTUAL,-1264.930868,0.396389652,0.337938508,0.455316771,0.169300794,2.701771562,2.606454482,2.801015765,3.883715694,-2.582831281,-3,-0.468892376,0.327958806
DESKTOP-MTPK7QB,01/08/2024 13:15,URBAN,ACTUAL,-1264.930864,0.396386631,0.337938351,0.455317611,3.838475394,2.70180075,2.606454321,2.801015542,5.641022374,-3,-3,-0.46888341,0.919159789
DESKTOP-MTPK7QB,01/08/2024 13:15,URBAN,ACTUAL,-1264.93087,0.396386827,0.337938347,0.455317608,2.30389563,2.70180084,2.606454542,2.801015659,3.931220585,-2.503823587,-3,-0.468894477,-2.50382235
DESKTOP-MTPK7QB,01/08/2024 16:28,ALL,ACTUAL,-6250.846856,NA,NA,NA,NA,3.050065413,3.006268805,3.094659618,5.938738886,-0.094043335,-0.141973401,-0.053635931,0.034803282
DESKTOP-MTPK7QB,01/08/2024 16:28,ALL,ACTUAL,-6266.030762,NA,NA,NA,NA,2.901935598,2.859394162,2.945237122,1.659606251,-1.557575064,-3,-0.125513466,-0.971501867
DESKTOP-MTPK7QB,01/08/2024 16:28,ALL,ACTUAL,-6266.026467,NA,NA,NA,NA,2.901952795,2.859410497,2.945249325,5.419236233,-1.405715319,-3,-0.125508397,-1.406183216
DESKTOP-MTPK7QB,01/08/2024 16:28,ALL,ACTUAL,-6266.033204,NA,NA,NA,NA,2.901931681,2.859385278,2.945230985,2.509764808,-2.999999997,-3,-0.125525366,1.542461453
DESKTOP-MTPK7QB,01/08/2024 16:28,ALL,ACTUAL,-6266.033204,NA,NA,NA,NA,2.901931684,2.859385278,2.945230985,1.122881285,-2.999999997,-3,-0.12552536,-1.092605788
DESKTOP-MTPK7QB,01/08/2024 16:28,ALL,ACTUAL,-6250.846856,NA,NA,NA,NA,3.050065575,3.006267747,3.094658508,2.558781167,-0.094044694,-0.141973255,-0.053635824,0.08062388
DESKTOP-MTPK7QB,01/08/2024 16:28,ALL,ACTUAL,-6250.846856,NA,NA,NA,NA,3.050066264,3.006270838,3.09466175,4.669135606,-0.094040725,-0.141972584,-0.053635366,-1.273942349
DESKTOP-MTPK7QB,01/08/2024 16:28,ALL,ACTUAL,-6266.033204,NA,NA,NA,NA,2.901931645,2.859385278,2.945230985,4.031643018,-2.999999997,-3,-0.125525427,1.861327807
DESKTOP-MTPK7QB,01/08/2024 16:28,ALL,ACTUAL,-6266.029327,NA,NA,NA,NA,2.901937803,2.859399566,2.945241093,1.819523271,-1.488427373,-3,-0.125521354,-0.953976252
DESKTOP-MTPK7QB,01/08/2024 16:28,ALL,ACTUAL,-6266.033204,NA,NA,NA,NA,2.901931682,2.859385278,2.945230985,0.61242453,-2.999999997,-3,-0.125525363,-0.814469138
DESKTOP-MTPK7QB,01/08/2024 16:28,ALL,ACTUAL,-6266.033204,NA,NA,NA,NA,2.901931702,2.859385278,2.945230985,0.554090271,-2.999999998,-3,-0.12552533,-2.057527764
DESKTOP-MTPK7QB,01/08/2024 16:28,ALL,ACTUAL,-6266.033204,NA,NA,NA,NA,2.901931684,2.859385278,2.945230985,1.291370473,-2.999999997,-3,-0.125525359,0.073802881
DESKTOP-MTPK7QB,01/08/2024 16:28,ALL,ACTUAL,-6250.846856,NA,NA,NA,NA,3.050064069,3.006267452,3.094658199,5.790251346,-0.094045072,-0.14197468,-0.053636824,0.676519418
DESKTOP-MTPK7QB,01/08/2024 16:28,ALL,ACTUAL,-6250.846856,NA,NA,NA,NA,3.050064838,3.006268384,3.094659176,4.484265727,-0.094043876,-0.141973948,-0.053636314,0.262830166
DESKTOP-MTPK7QB,01/08/2024 16:28,ALL,ACTUAL,-6250.846856,NA,NA,NA,NA,3.050064987,3.006268708,3.094659516,5.654728749,-0.094043459,-0.141973805,-0.053636215,0.497698847
DESKTOP-MTPK7QB,01/08/2024 16:28,ALL,ACTUAL,-6266.03171,NA,NA,NA,NA,2.901934027,2.859390634,2.945234589,1.825412262,-1.631166464,-3,-0.12551731,-1.152889252
DESKTOP-MTPK7QB,01/08/2024 16:28,ALL,ACTUAL,-6250.846856,NA,NA,NA,NA,3.0500689,3.006270649,3.094661551,4.559074915,-0.094040968,-0.141970093,-0.053633614,-0.522270895
DESKTOP-MTPK7QB,01/08/2024 16:28,ALL,ACTUAL,-6266.033204,NA,NA,NA,NA,2.901931684,2.859385278,2.945230985,1.238141321,-2.999999997,-3,-0.12552536,-0.938624774
DESKTOP-MTPK7QB,01/08/2024 16:28,ALL,ACTUAL,-6266.03315,NA,NA,NA,NA,2.901931785,2.859385454,2.945231081,3.717693961,-2.126209828,-3,-0.12550297,-2.126226213
DESKTOP-MTPK7QB,01/08/2024 16:28,ALL,ACTUAL,-6250.846856,NA,NA,NA,NA,3.050064793,3.006268317,3.094659106,0.684590779,-0.094043961,-0.14197399,-0.053636343,1.710504886
DESKTOP-MTPK7QB,01/08/2024 19:20,URBAN,ACTUAL,-1442.877457,NA,NA,NA,NA,2.948230686,2.838251467,3.061040713,5.938738886,-2.418743893,-3,-0.481954747,0.034803282
DESKTOP-MTPK7QB,01/08/2024 19:20,URBAN,ACTUAL,-1442.878581,NA,NA,NA,NA,2.948291763,2.838281216,3.061058629,1.659606251,-1.579166119,-3,-0.481839007,-0.971501867
DESKTOP-MTPK7QB,01/08/2024 19:20,URBAN,ACTUAL,-1442.881098,NA,NA,NA,NA,2.948325278,2.838339423,3.061096541,5.419236233,-1.406407413,-3,-0.481632033,-1.406183216
DESKTOP-MTPK7QB,01/08/2024 19:20,URBAN,ACTUAL,-1442.877453,NA,NA,NA,NA,2.948257996,2.838251326,3.061040642,2.509764808,-3,-3,-0.481935948,1.542461453
DESKTOP-MTPK7QB,01/08/2024 19:20,URBAN,ACTUAL,-1442.877453,NA,NA,NA,NA,2.948257814,2.838251326,3.061040642,1.122881285,-3,-3,-0.481936049,-1.092605788
DESKTOP-MTPK7QB,01/08/2024 19:20,URBAN,ACTUAL,-1442.87746,NA,NA,NA,NA,2.948262432,2.838251556,3.061040753,2.558781167,-2.34728848,-3,-0.481953104,0.08062388
DESKTOP-MTPK7QB,01/08/2024 19:20,URBAN,ACTUAL,-1442.877462,NA,NA,NA,NA,2.948253103,2.838251625,3.061040788,4.669135606,-2.306515249,-3,-0.481940423,-1.273942349
DESKTOP-MTPK7QB,01/08/2024 19:20,URBAN,ACTUAL,-1442.877453,NA,NA,NA,NA,2.948258003,2.838251326,3.061040642,4.031643018,-3,-3,-0.481935944,1.861327807
DESKTOP-MTPK7QB,01/08/2024 19:20,URBAN,ACTUAL,-1442.87924,NA,NA,NA,NA,2.948311933,2.838297011,3.061068709,1.819523271,-1.511445151,-3,-0.481777936,-0.953976252
DESKTOP-MTPK7QB,01/08/2024 19:20,URBAN,ACTUAL,-1442.877453,NA,NA,NA,NA,2.948258004,2.838251326,3.061040642,0.61242453,-3,-3,-0.481935943,-0.814469138
DESKTOP-MTPK7QB,01/08/2024 19:20,URBAN,ACTUAL,-1442.877453,NA,NA,NA,NA,2.948258023,2.838251326,3.061040642,0.554090271,-3,-3,-0.481935933,-2.057527764
DESKTOP-MTPK7QB,01/08/2024 19:20,URBAN,ACTUAL,-1442.877453,NA,NA,NA,NA,2.948257875,2.838251326,3.061040642,1.291370473,-3,-3,-0.481936015,0.073802881
DESKTOP-MTPK7QB,01/08/2024 19:20,URBAN,ACTUAL,-1442.877457,NA,NA,NA,NA,2.948356549,2.838251357,3.061040723,5.790251346,-2.52286256,-3,-0.481888071,0.676519418
DESKTOP-MTPK7QB,01/08/2024 19:20,URBAN,ACTUAL,-1442.877462,NA,NA,NA,NA,2.948256132,2.838251632,3.061040792,4.484265727,-2.302759637,-3,-0.481938671,0.262830166
DESKTOP-MTPK7QB,01/08/2024 19:20,URBAN,ACTUAL,-1442.878012,NA,NA,NA,NA,2.948148064,2.838266813,3.061049776,5.654728749,-1.683237371,-3,-0.481956838,0.497698847
DESKTOP-MTPK7QB,01/08/2024 19:20,URBAN,ACTUAL,-1442.878143,NA,NA,NA,NA,2.948278923,2.838270279,3.0610518,1.825412262,-1.651763026,-3,-0.481862857,-1.152889252
DESKTOP-MTPK7QB,01/08/2024 19:20,URBAN,ACTUAL,-1442.877677,NA,NA,NA,NA,2.948314485,2.838257974,3.061044387,4.559074915,-1.818001192,-3,-0.481896518,-0.522270895
DESKTOP-MTPK7QB,01/08/2024 19:20,URBAN,ACTUAL,-1442.877998,NA,NA,NA,NA,2.948273989,2.838266563,3.061049519,1.238141321,-1.686495239,-3,-0.481887924,-0.938624774
DESKTOP-MTPK7QB,01/08/2024 19:20,URBAN,ACTUAL,-1442.877481,NA,NA,NA,NA,2.948258672,2.838252273,3.061041127,3.717693961,-2.126227634,-3,-0.481944007,-2.126226213
DESKTOP-MTPK7QB,01/08/2024 19:20,URBAN,ACTUAL,-1442.877454,NA,NA,NA,NA,2.9482492,2.838251325,3.061040642,0.684590779,-3,-3,-0.481940863,1.710504886
DESKTOP-MTPK7QB,01/08/2024 21:58,ALL,ACTUAL,-5747.713468,0.514160472,0.485718144,0.542531247,2.46714656,2.661718267,2.620596582,2.703589165,5.938738886,NA,NA,NA,NA
DESKTOP-MTPK7QB,01/08/2024 21:58,ALL,ACTUAL,-5747.713469,0.51417267,0.485717779,0.542530845,1.682228544,2.6617152,2.620599836,2.70359244,1.659606251,NA,NA,NA,NA
DESKTOP-MTPK7QB,01/08/2024 21:58,ALL,ACTUAL,-5747.713468,0.514160009,0.485718,0.542531085,1.343177092,2.661717047,2.620596459,2.703589039,5.419236233,NA,NA,NA,NA
DESKTOP-MTPK7QB,01/08/2024 21:58,ALL,ACTUAL,-5747.713468,0.514159953,0.485718017,0.542531105,3.643119934,2.661717197,2.620596444,2.703589024,2.509764808,NA,NA,NA,NA
DESKTOP-MTPK7QB,01/08/2024 21:58,ALL,ACTUAL,-5747.713468,0.51416006,0.485718002,0.542531087,1.587767485,2.661717063,2.620596472,2.703589053,1.122881285,NA,NA,NA,NA
DESKTOP-MTPK7QB,01/08/2024 21:58,ALL,ACTUAL,-5747.713468,0.514160028,0.485717999,0.542531085,2.502886626,2.661717045,2.620596464,2.703589044,2.558781167,NA,NA,NA,NA
DESKTOP-MTPK7QB,01/08/2024 21:58,ALL,ACTUAL,-5747.713468,0.514160023,0.485717999,0.542531085,1.446324967,2.661717043,2.620596462,2.703589043,4.669135606,NA,NA,NA,NA
DESKTOP-MTPK7QB,01/08/2024 21:58,ALL,ACTUAL,-5747.713468,0.514158739,0.485717934,0.542531011,3.891835689,2.66171649,2.62059612,2.703588697,4.031643018,NA,NA,NA,NA
DESKTOP-MTPK7QB,01/08/2024 21:58,ALL,ACTUAL,-5747.713468,0.514160024,0.485717999,0.542531084,1.695898524,2.661717042,2.620596463,2.703589043,1.819523271,NA,NA,NA,NA
DESKTOP-MTPK7QB,01/08/2024 21:58,ALL,ACTUAL,-5747.713468,0.514159974,0.485717986,0.54253107,1.804714072,2.661716934,2.620596449,2.70358903,0.61242453,NA,NA,NA,NA
DESKTOP-MTPK7QB,01/08/2024 21:58,ALL,ACTUAL,-5747.713468,0.51416002,0.485718001,0.542531086,0.835128344,2.661717056,2.620596462,2.703589042,0.554090271,NA,NA,NA,NA
DESKTOP-MTPK7QB,01/08/2024 21:58,ALL,ACTUAL,-5747.713468,0.514160024,0.485717999,0.542531085,2.497566247,2.661717044,2.620596463,2.703589043,1.291370473,NA,NA,NA,NA
DESKTOP-MTPK7QB,01/08/2024 21:58,ALL,ACTUAL,-5747.713468,0.514160242,0.485718051,0.542531142,2.967685146,2.661717476,2.620596521,2.703589102,5.790251346,NA,NA,NA,NA
DESKTOP-MTPK7QB,01/08/2024 21:58,ALL,ACTUAL,-5747.713468,0.514152817,0.485718397,0.54253153,2.645007529,2.661720409,2.62059454,2.703587111,4.484265727,NA,NA,NA,NA
DESKTOP-MTPK7QB,01/08/2024 21:58,ALL,ACTUAL,-5747.713468,0.514160199,0.485718037,0.542531126,2.828205101,2.661717359,2.62059651,2.703589091,5.654728749,NA,NA,NA,NA
DESKTOP-MTPK7QB,01/08/2024 21:58,ALL,ACTUAL,-5747.713468,0.514159834,0.485718021,0.542531108,1.540746383,2.661717223,2.620596412,2.703588992,1.825412262,NA,NA,NA,NA
DESKTOP-MTPK7QB,01/08/2024 21:58,ALL,ACTUAL,-5747.713468,0.514156702,0.485717919,0.542530996,2.032628702,2.661716375,2.620595576,2.70358815,4.559074915,NA,NA,NA,NA
DESKTOP-MTPK7QB,01/08/2024 21:58,ALL,ACTUAL,-5747.713468,0.514159963,0.48571799,0.542531075,1.707872676,2.661716969,2.620596446,2.703589027,1.238141321,NA,NA,NA,NA
DESKTOP-MTPK7QB,01/08/2024 21:58,ALL,ACTUAL,-5747.713468,0.514159552,0.485718072,0.542531165,0.781543554,2.661717654,2.620596337,2.703588917,3.717693961,NA,NA,NA,NA
DESKTOP-MTPK7QB,01/08/2024 21:58,ALL,ACTUAL,-5747.713468,0.514159973,0.485717985,0.542531069,3.774193811,2.661716922,2.620596449,2.703589029,0.684590779,NA,NA,NA,NA
DESKTOP-MTPK7QB,01/08/2024 23:51,URBAN,ACTUAL,-1264.930864,0.396386859,0.337938351,0.455317611,2.46714656,2.701800742,2.606454311,2.801015549,5.938738886,NA,NA,NA,NA
DESKTOP-MTPK7QB,01/08/2024 23:51,URBAN,ACTUAL,-1264.930864,0.39638683,0.337938351,0.455317609,1.682228544,2.701800648,2.60645431,2.801015547,1.659606251,NA,NA,NA,NA
DESKTOP-MTPK7QB,01/08/2024 23:51,URBAN,ACTUAL,-1264.930864,0.396386261,0.337938351,0.455317612,1.343177092,2.701800767,2.606454304,2.801015517,5.419236233,NA,NA,NA,NA
DESKTOP-MTPK7QB,01/08/2024 23:51,URBAN,ACTUAL,-1264.930864,0.396390472,0.337938398,0.455317364,3.643119934,2.701792091,2.606454349,2.801015739,2.509764808,NA,NA,NA,NA
DESKTOP-MTPK7QB,01/08/2024 23:51,URBAN,ACTUAL,-1264.930864,0.396386828,0.337938351,0.455317609,1.587767485,2.701800654,2.60645431,2.801015547,1.122881285,NA,NA,NA,NA
DESKTOP-MTPK7QB,01/08/2024 23:51,URBAN,ACTUAL,-1264.930864,0.396386861,0.337938349,0.455317622,2.502886626,2.701801109,2.606454311,2.801015549,2.558781167,NA,NA,NA,NA
DESKTOP-MTPK7QB,01/08/2024 23:51,URBAN,ACTUAL,-1264.930864,0.396386929,0.337938353,0.455317602,1.446324967,2.701800401,2.606454311,2.801015552,4.669135606,NA,NA,NA,NA
DESKTOP-MTPK7QB,01/08/2024 23:51,URBAN,ACTUAL,-1264.930864,0.396386916,0.337938349,0.455317619,3.891835689,2.701801004,2.606454311,2.801015552,4.031643018,NA,NA,NA,NA
DESKTOP-MTPK7QB,01/08/2024 23:51,URBAN,ACTUAL,-1264.930864,0.396386823,0.337938351,0.455317609,1.695898524,2.701800666,2.60645431,2.801015547,1.819523271,NA,NA,NA,NA
DESKTOP-MTPK7QB,01/08/2024 23:51,URBAN,ACTUAL,-1264.930864,0.396387369,0.33793834,0.455317668,1.804714072,2.701802723,2.606454316,2.801015576,0.61242453,NA,NA,NA,NA
DESKTOP-MTPK7QB,01/08/2024 23:51,URBAN,ACTUAL,-1264.930864,0.396387016,0.337938356,0.455317585,0.835128344,2.701799832,2.606454312,2.801015557,0.554090271,NA,NA,NA,NA
DESKTOP-MTPK7QB,01/08/2024 23:51,URBAN,ACTUAL,-1264.930864,0.396386787,0.337938352,0.455317603,2.497566247,2.701800454,2.60645431,2.801015545,1.291370473,NA,NA,NA,NA
DESKTOP-MTPK7QB,01/08/2024 23:51,URBAN,ACTUAL,-1264.930864,0.396386821,0.337938351,0.455317609,2.967685146,2.701800651,2.60645431,2.801015547,5.790251346,NA,NA,NA,NA
DESKTOP-MTPK7QB,01/08/2024 23:51,URBAN,ACTUAL,-1264.930864,0.396386834,0.337938351,0.455317609,2.645007529,2.701800668,2.60645431,2.801015547,4.484265727,NA,NA,NA,NA
DESKTOP-MTPK7QB,01/08/2024 23:51,URBAN,ACTUAL,-1264.930864,0.396386828,0.337938351,0.455317609,2.828205101,2.701800649,2.60645431,2.801015547,5.654728749,NA,NA,NA,NA
DESKTOP-MTPK7QB,01/08/2024 23:51,URBAN,ACTUAL,-1264.930864,0.396386733,0.337938358,0.455317575,1.540746383,2.701799469,2.606454309,2.801015542,1.825412262,NA,NA,NA,NA
DESKTOP-MTPK7QB,01/08/2024 23:51,URBAN,ACTUAL,-1264.930864,0.396386837,0.337938351,0.45531761,2.032628702,2.701800679,2.60645431,2.801015548,4.559074915,NA,NA,NA,NA
DESKTOP-MTPK7QB,01/08/2024 23:51,URBAN,ACTUAL,-1264.930864,0.396388522,0.337938344,0.455317648,1.707872676,2.701802008,2.606454328,2.801015637,1.238141321,NA,NA,NA,NA
DESKTOP-MTPK7QB,01/08/2024 23:51,URBAN,ACTUAL,-1264.930864,0.39638683,0.337938351,0.455317609,0.781543554,2.701800649,2.60645431,2.801015547,3.717693961,NA,NA,NA,NA
DESKTOP-MTPK7QB,01/08/2024 23:51,URBAN,ACTUAL,-1264.930864,0.396386717,0.337938353,0.455317599,3.774193811,2.701800293,2.606454309,2.801015541,0.684590779,NA,NA,NA,NA
DESKTOP-MTPK7QB,02/08/2024 01:46,ALL,ACTUAL,-6266.033204,NA,NA,NA,NA,2.901942443,2.859385276,2.945230992,5.938738886,NA,NA,NA,NA
DESKTOP-MTPK7QB,02/08/2024 01:46,ALL,ACTUAL,-6266.033204,NA,NA,NA,NA,2.901942443,2.859385276,2.945230992,3.681067872,NA,NA,NA,NA
DESKTOP-MTPK7QB,02/08/2024 01:46,ALL,ACTUAL,-6266.033204,NA,NA,NA,NA,2.901942443,2.859385276,2.945230992,1.659606251,NA,NA,NA,NA
DESKTOP-MTPK7QB,02/08/2024 01:46,ALL,ACTUAL,-6266.033204,NA,NA,NA,NA,2.901942443,2.859385276,2.945230992,2.493627797,NA,NA,NA,NA
DESKTOP-MTPK7QB,02/08/2024 01:46,ALL,ACTUAL,-6266.033204,NA,NA,NA,NA,2.901942443,2.859385276,2.945230992,5.419236233,NA,NA,NA,NA
DESKTOP-MTPK7QB,02/08/2024 01:46,ALL,ACTUAL,-6266.033204,NA,NA,NA,NA,2.901942443,2.859385276,2.945230992,1.980703806,NA,NA,NA,NA
DESKTOP-MTPK7QB,02/08/2024 01:46,ALL,ACTUAL,-6266.033204,NA,NA,NA,NA,2.901942443,2.859385276,2.945230992,2.509764808,NA,NA,NA,NA
DESKTOP-MTPK7QB,02/08/2024 01:46,ALL,ACTUAL,-6266.033204,NA,NA,NA,NA,2.901942443,2.859385276,2.945230992,5.460104515,NA,NA,NA,NA
DESKTOP-MTPK7QB,02/08/2024 01:46,ALL,ACTUAL,-6266.033204,NA,NA,NA,NA,2.901942443,2.859385276,2.945230992,1.122881285,NA,NA,NA,NA
DESKTOP-MTPK7QB,02/08/2024 01:46,ALL,ACTUAL,-6266.033204,NA,NA,NA,NA,2.901942443,2.859385276,2.945230992,2.35072517,NA,NA,NA,NA
DESKTOP-MTPK7QB,02/08/2024 01:46,ALL,ACTUAL,-6266.033204,NA,NA,NA,NA,2.901942443,2.859385276,2.945230992,2.558781167,NA,NA,NA,NA
DESKTOP-MTPK7QB,02/08/2024 01:46,ALL,ACTUAL,-6266.033204,NA,NA,NA,NA,2.901942443,2.859385276,2.945230992,3.735136178,NA,NA,NA,NA
DESKTOP-MTPK7QB,02/08/2024 01:46,ALL,ACTUAL,-6266.033204,NA,NA,NA,NA,2.901942443,2.859385276,2.945230992,4.669135606,NA,NA,NA,NA
DESKTOP-MTPK7QB,02/08/2024 01:46,ALL,ACTUAL,-6266.033204,NA,NA,NA,NA,2.901942443,2.859385276,2.945230992,2.136748028,NA,NA,NA,NA
DESKTOP-MTPK7QB,02/08/2024 01:46,ALL,ACTUAL,-6266.033204,NA,NA,NA,NA,2.901942443,2.859385276,2.945230992,4.031643018,NA,NA,NA,NA
DESKTOP-MTPK7QB,02/08/2024 01:46,ALL,ACTUAL,-6266.033204,NA,NA,NA,NA,2.901942443,2.859385276,2.945230992,5.836366812,NA,NA,NA,NA
DESKTOP-MTPK7QB,02/08/2024 01:46,ALL,ACTUAL,-6266.033204,NA,NA,NA,NA,2.901942443,2.859385276,2.945230992,1.819523271,NA,NA,NA,NA
DESKTOP-MTPK7QB,02/08/2024 01:46,ALL,ACTUAL,-6266.033204,NA,NA,NA,NA,2.901942443,2.859385276,2.945230992,2.514308023,NA,NA,NA,NA
DESKTOP-MTPK7QB,02/08/2024 01:46,ALL,ACTUAL,-6266.033204,NA,NA,NA,NA,2.901942443,2.859385276,2.945230992,0.61242453,NA,NA,NA,NA
DESKTOP-MTPK7QB,02/08/2024 01:46,ALL,ACTUAL,-6266.033204,NA,NA,NA,NA,2.901942443,2.859385276,2.945230992,2.678926417,NA,NA,NA,NA
DESKTOP-MTPK7QB,02/08/2024 02:47,URBAN,ACTUAL,-1442.877453,NA,NA,NA,NA,2.948262279,2.838251321,3.061040641,5.938738886,NA,NA,NA,NA
DESKTOP-MTPK7QB,02/08/2024 02:47,URBAN,ACTUAL,-1442.877453,NA,NA,NA,NA,2.948262279,2.838251321,3.061040641,3.681067872,NA,NA,NA,NA
DESKTOP-MTPK7QB,02/08/2024 02:47,URBAN,ACTUAL,-1442.877453,NA,NA,NA,NA,2.948262279,2.838251321,3.061040641,1.659606251,NA,NA,NA,NA
DESKTOP-MTPK7QB,02/08/2024 02:47,URBAN,ACTUAL,-1442.877453,NA,NA,NA,NA,2.948262279,2.838251321,3.061040641,2.493627797,NA,NA,NA,NA
DESKTOP-MTPK7QB,02/08/2024 02:47,URBAN,ACTUAL,-1442.877453,NA,NA,NA,NA,2.948262279,2.838251321,3.061040641,5.419236233,NA,NA,NA,NA
DESKTOP-MTPK7QB,02/08/2024 02:47,URBAN,ACTUAL,-1442.877453,NA,NA,NA,NA,2.948262279,2.838251321,3.061040641,1.980703806,NA,NA,NA,NA
DESKTOP-MTPK7QB,02/08/2024 02:47,URBAN,ACTUAL,-1442.877453,NA,NA,NA,NA,2.948262279,2.838251321,3.061040641,2.509764808,NA,NA,NA,NA
DESKTOP-MTPK7QB,02/08/2024 02:47,URBAN,ACTUAL,-1442.877453,NA,NA,NA,NA,2.948262279,2.838251321,3.061040641,5.460104515,NA,NA,NA,NA
DESKTOP-MTPK7QB,02/08/2024 02:47,URBAN,ACTUAL,-1442.877453,NA,NA,NA,NA,2.948262279,2.838251321,3.061040641,1.122881285,NA,NA,NA,NA
DESKTOP-MTPK7QB,02/08/2024 02:47,URBAN,ACTUAL,-1442.877453,NA,NA,NA,NA,2.948262279,2.838251321,3.061040641,2.35072517,NA,NA,NA,NA
DESKTOP-MTPK7QB,02/08/2024 02:47,URBAN,ACTUAL,-1442.877453,NA,NA,NA,NA,2.948262279,2.838251321,3.061040641,2.558781167,NA,NA,NA,NA
DESKTOP-MTPK7QB,02/08/2024 02:47,URBAN,ACTUAL,-1442.877453,NA,NA,NA,NA,2.948262279,2.838251321,3.061040641,3.735136178,NA,NA,NA,NA
DESKTOP-MTPK7QB,02/08/2024 02:47,URBAN,ACTUAL,-1442.877453,NA,NA,NA,NA,2.948262279,2.838251321,3.061040641,4.669135606,NA,NA,NA,NA
DESKTOP-MTPK7QB,02/08/2024 02:47,URBAN,ACTUAL,-1442.877453,NA,NA,NA,NA,2.948262279,2.838251321,3.061040641,2.136748028,NA,NA,NA,NA
DESKTOP-MTPK7QB,02/08/2024 02:47,URBAN,ACTUAL,-1442.877453,NA,NA,NA,NA,2.948262279,2.838251321,3.061040641,4.031643018,NA,NA,NA,NA
DESKTOP-MTPK7QB,02/08/2024 02:47,URBAN,ACTUAL,-1442.877453,NA,NA,NA,NA,2.948262279,2.838251321,3.061040641,5.836366812,NA,NA,NA,NA
DESKTOP-MTPK7QB,02/08/2024 02:47,URBAN,ACTUAL,-1442.877453,NA,NA,NA,NA,2.948262279,2.838251321,3.061040641,1.819523271,NA,NA,NA,NA
DESKTOP-MTPK7QB,02/08/2024 02:47,URBAN,ACTUAL,-1442.877453,NA,NA,NA,NA,2.948262279,2.838251321,3.061040641,2.514308023,NA,NA,NA,NA
DESKTOP-MTPK7QB,02/08/2024 02:47,URBAN,ACTUAL,-1442.877453,NA,NA,NA,NA,2.948262279,2.838251321,3.061040641,0.61242453,NA,NA,NA,NA
DESKTOP-MTPK7QB,02/08/2024 02:47,URBAN,ACTUAL,-1442.877453,NA,NA,NA,NA,2.948262279,2.838251321,3.061040641,2.678926417,NA,NA,NA,NA
